"chr","median_ratio_logp","mean_ratio_logp","nsnp","median_ratio_z","mean_ratio_z"
1,1.06752616027636,1.02603497309777,53,1.05706196722674,1.01374954881153
2,0.94260612251799,0.949219912080018,16,0.965778814616132,0.968692983374581
3,1.07243021172321,1.09973551037858,24,1.05214256830869,1.06957120951314
4,1.00667386129698,1.04681115896396,29,1.00542122766854,1.03471785257041
5,1.03565986594733,1.04727990686472,31,1.02349671083579,1.02979924448177
6,0.924871999307104,0.952552506046165,99,0.939666282914485,0.955458078071922
7,1.04824158936741,1.03823083271507,14,1.03195568969243,1.02163866124849
8,0.982037653342653,0.989625578170424,65,0.986164708548614,0.989310971140506
9,0.769341022234201,0.859796809537541,3,0.820908673483911,0.873541452105372
10,1.02026726901491,1.06206977643455,23,1.01527030228926,1.03897091848533
11,1.01966214889456,1.01545454771773,109,1.01641484323157,1.00877266990775
12,1.1877384956563,1.23188419141933,50,1.12581087601942,1.16004589559996
13,1.15656785773718,1.10578576710383,4,1.10678787194008,1.08353763034069
14,0.93502986219489,0.939742096956142,4,0.953346337261592,0.954823383405221
15,0.936525917608142,0.936234561178385,27,0.950104219903129,0.950955584652753
16,1.0539231236922,1.01572531661685,49,1.03916351810806,1.01150851739635
17,0.956113030929524,0.961749969498463,22,0.964129409159551,0.963342375881998
18,1.00570860539676,0.996130806184498,4,1.00285832367978,0.996888619805225
19,1.13480298561829,1.14915296959128,39,1.09605706451952,1.10513483451329
20,0.949639936439823,0.976248165579362,17,0.965664409226099,0.983705287596079
21,0.989516857667772,0.989516857667772,1,0.993403084038916,0.993403084038916
